-- phpMyAdmin SQL Dump
-- version 5.1.1
-- https://www.phpmyadmin.net/
--
-- Host: 127.0.0.1
-- Tempo de geração: 18-Ago-2022 às 21:39
-- Versão do servidor: 10.4.20-MariaDB
-- versão do PHP: 8.0.8

SET SQL_MODE = "NO_AUTO_VALUE_ON_ZERO";
START TRANSACTION;
SET time_zone = "+00:00";


/*!40101 SET @OLD_CHARACTER_SET_CLIENT=@@CHARACTER_SET_CLIENT */;
/*!40101 SET @OLD_CHARACTER_SET_RESULTS=@@CHARACTER_SET_RESULTS */;
/*!40101 SET @OLD_COLLATION_CONNECTION=@@COLLATION_CONNECTION */;
/*!40101 SET NAMES utf8mb4 */;

--
-- Banco de dados: `empresa`
--
CREATE DATABASE IF NOT EXISTS `empresa` DEFAULT CHARACTER SET utf8mb4 COLLATE utf8mb4_general_ci;
USE `empresa`;

-- --------------------------------------------------------

--
-- Estrutura da tabela `departamento`
--
-- Criação: 18-Ago-2022 às 00:05
-- Última actualização: 18-Ago-2022 às 00:18
--

DROP TABLE IF EXISTS `departamento`;
CREATE TABLE IF NOT EXISTS `departamento` (
  `id_departamento` int(11) NOT NULL AUTO_INCREMENT,
  `nome` varchar(45) NOT NULL,
  PRIMARY KEY (`id_departamento`),
  UNIQUE KEY `nome_depart_UNIQUE` (`nome`),
  KEY `id_departamento_idx` (`id_departamento`)
) ENGINE=InnoDB AUTO_INCREMENT=10 DEFAULT CHARSET=utf8mb4;

--
-- RELACIONAMENTOS PARA TABELAS `departamento`:
--

--
-- Truncar tabela antes do insert `departamento`
--

TRUNCATE TABLE `departamento`;
--
-- Extraindo dados da tabela `departamento`
--

INSERT INTO `departamento` (`id_departamento`, `nome`) VALUES
(6, 'Atendimento ao Cliente'),
(4, 'Desenvolvimento'),
(8, 'Finanças'),
(1, 'Gestão da Qualidade'),
(3, 'Marketing'),
(2, 'Pesquisa'),
(5, 'Produção'),
(7, 'Recursos Humanos'),
(9, 'Vendas');

-- --------------------------------------------------------

--
-- Estrutura da tabela `depart_func`
--
-- Criação: 18-Ago-2022 às 00:01
-- Última actualização: 18-Ago-2022 às 00:35
--

DROP TABLE IF EXISTS `depart_func`;
CREATE TABLE IF NOT EXISTS `depart_func` (
  `id_depart_func` int(11) NOT NULL AUTO_INCREMENT,
  `fk_departamento` int(11) NOT NULL,
  `fk_funcionario` int(11) NOT NULL,
  `data_inicio` date NOT NULL,
  `data_fim` date DEFAULT NULL,
  PRIMARY KEY (`id_depart_func`),
  KEY `id_depart_func_idx` (`id_depart_func`),
  KEY `fk_depart_func_departamento_idx` (`fk_departamento`),
  KEY `fk_depart_func_funcionario_idx` (`fk_funcionario`)
) ENGINE=InnoDB AUTO_INCREMENT=51 DEFAULT CHARSET=utf8mb4;

--
-- RELACIONAMENTOS PARA TABELAS `depart_func`:
--   `fk_departamento`
--       `departamento` -> `id_departamento`
--   `fk_funcionario`
--       `funcionario` -> `id_funcionario`
--

--
-- Truncar tabela antes do insert `depart_func`
--

TRUNCATE TABLE `depart_func`;
--
-- Extraindo dados da tabela `depart_func`
--

INSERT INTO `depart_func` (`id_depart_func`, `fk_departamento`, `fk_funcionario`, `data_inicio`, `data_fim`) VALUES
(1, 5, 1, '1986-06-26', NULL),
(2, 7, 2, '1996-08-03', NULL),
(3, 4, 3, '1995-12-03', NULL),
(4, 4, 4, '1986-12-01', NULL),
(5, 3, 5, '1989-09-12', NULL),
(6, 5, 6, '1990-08-05', NULL),
(7, 8, 7, '1989-02-10', NULL),
(8, 5, 8, '1998-03-11', '2000-07-31'),
(9, 6, 9, '1985-02-18', NULL),
(10, 4, 10, '1996-11-24', '2000-06-26'),
(11, 6, 10, '2000-06-26', NULL),
(12, 9, 11, '1990-01-22', '1996-11-09'),
(13, 5, 12, '1992-12-18', NULL),
(14, 3, 13, '1985-10-20', NULL),
(15, 5, 14, '1993-12-29', NULL),
(16, 8, 15, '1992-09-19', '1993-08-22'),
(17, 7, 16, '1998-02-11', NULL),
(18, 1, 17, '1993-08-03', NULL),
(19, 4, 18, '1992-07-29', NULL),
(20, 5, 18, '1987-04-03', '1992-07-29'),
(21, 8, 19, '1999-04-30', NULL),
(22, 4, 20, '1997-12-30', NULL),
(23, 5, 21, '1988-02-10', '2002-07-15'),
(24, 5, 22, '1999-09-03', NULL),
(25, 5, 23, '1999-09-27', NULL),
(26, 4, 24, '1998-06-14', NULL),
(27, 5, 25, '1987-08-17', '1997-10-15'),
(28, 4, 26, '1995-03-20', NULL),
(29, 5, 27, '1995-04-02', NULL),
(30, 5, 28, '1991-10-22', '1998-04-06'),
(31, 4, 29, '1991-09-18', '1999-07-08'),
(32, 6, 29, '1999-07-08', NULL),
(33, 4, 30, '1994-02-17', NULL),
(34, 5, 31, '1991-09-01', NULL),
(35, 4, 32, '1990-06-20', NULL),
(36, 6, 33, '1987-03-18', '1993-03-24'),
(37, 7, 34, '1995-04-12', '1999-10-31'),
(38, 4, 35, '1988-09-05', NULL),
(39, 3, 36, '1992-04-28', NULL),
(40, 5, 37, '1990-12-05', NULL),
(41, 9, 38, '1989-09-20', NULL),
(42, 3, 39, '1988-01-19', NULL),
(43, 5, 40, '1993-02-14', '2002-01-22'),
(44, 8, 40, '2002-01-22', NULL),
(45, 7, 41, '1989-11-12', NULL),
(46, 2, 42, '1993-03-21', '2000-08-10'),
(47, 5, 43, '1990-10-20', NULL),
(48, 4, 44, '1994-05-21', NULL),
(49, 4, 45, '1996-11-16', NULL),
(50, 8, 46, '1992-06-20', NULL);

-- --------------------------------------------------------

--
-- Estrutura da tabela `funcionario`
--
-- Criação: 17-Ago-2022 às 23:54
-- Última actualização: 18-Ago-2022 às 00:29
--

DROP TABLE IF EXISTS `funcionario`;
CREATE TABLE IF NOT EXISTS `funcionario` (
  `id_funcionario` int(11) NOT NULL AUTO_INCREMENT,
  `nome` varchar(45) NOT NULL,
  `sobrenome` varchar(45) NOT NULL,
  `data_nasc` date NOT NULL,
  `sexo` varchar(9) NOT NULL,
  `data_admissao` date NOT NULL,
  PRIMARY KEY (`id_funcionario`),
  KEY `id_funcionario_idx` (`id_funcionario`)
) ENGINE=InnoDB AUTO_INCREMENT=51 DEFAULT CHARSET=utf8mb4;

--
-- RELACIONAMENTOS PARA TABELAS `funcionario`:
--

--
-- Truncar tabela antes do insert `funcionario`
--

TRUNCATE TABLE `funcionario`;
--
-- Extraindo dados da tabela `funcionario`
--

INSERT INTO `funcionario` (`id_funcionario`, `nome`, `sobrenome`, `data_nasc`, `sexo`, `data_admissao`) VALUES
(1, 'Georgi', 'Facello', '1953-09-02', 'M', '1986-06-26'),
(2, 'Bezalel', 'Simmel', '1964-06-02', 'F', '1985-11-21'),
(3, 'Parto', 'Bamford', '1959-12-03', 'M', '1986-08-28'),
(4, 'Chirstian', 'Koblick', '1954-05-01', 'M', '1986-12-01'),
(5, 'Kyoichi', 'Maliniak', '1955-01-21', 'M', '1989-09-12'),
(6, 'Anneke', 'Preusig', '1953-04-20', 'F', '1989-06-02'),
(7, 'Tzvetan', 'Zielinski', '1957-05-23', 'F', '1989-02-10'),
(8, 'Saniya', 'Kalloufi', '1958-02-19', 'M', '1994-09-15'),
(9, 'Sumant', 'Peac', '1952-04-19', 'F', '1985-02-18'),
(10, 'Duangkaew', 'Piveteau', '1963-06-01', 'F', '1989-08-24'),
(11, 'Mary', 'Sluis', '1953-11-07', 'F', '1990-01-22'),
(12, 'Patricio', 'Bridgland', '1960-10-04', 'M', '1992-12-18'),
(13, 'Eberhardt', 'Terkki', '1963-06-07', 'M', '1985-10-20'),
(14, 'Berni', 'Genin', '1956-02-12', 'M', '1987-03-11'),
(15, 'Guoxiang', 'Nooteboom', '1959-08-19', 'M', '1987-07-02'),
(16, 'Kazuhito', 'Cappelletti', '1961-05-02', 'M', '1995-01-27'),
(17, 'Cristinel', 'Bouloucos', '1958-07-06', 'F', '1993-08-03'),
(18, 'Kazuhide', 'Peha', '1954-06-19', 'F', '1987-04-03'),
(19, 'Lillian', 'Haddadi', '1953-01-23', 'M', '1999-04-30'),
(20, 'Mayuko', 'Warwick', '1952-12-24', 'M', '1991-01-26'),
(21, 'Ramzi', 'Erde', '1960-02-20', 'M', '1988-02-10'),
(22, 'Shahaf', 'Famili', '1952-07-08', 'M', '1995-08-22'),
(23, 'Bojan', 'Montemayor', '1953-09-29', 'F', '1989-12-17'),
(24, 'Suzette', 'Pettey', '1958-09-05', 'F', '1997-05-19'),
(25, 'Prasadram', 'Heyers', '1958-10-31', 'M', '1987-08-17'),
(26, 'Yongqiao', 'Berztiss', '1953-04-03', 'M', '1995-03-20'),
(27, 'Divier', 'Reistad', '1962-07-10', 'F', '1989-07-07'),
(28, 'Domenick', 'Tempesti', '1963-11-26', 'M', '1991-10-22'),
(29, 'Otmar', 'Herbst', '1956-12-13', 'M', '1985-11-20'),
(30, 'Elvis', 'Demeyer', '1958-07-14', 'M', '1994-02-17'),
(31, 'Karsten', 'Joslin', '1959-01-27', 'M', '1991-09-01'),
(32, 'Jeong', 'Reistad', '1960-08-09', 'F', '1990-06-20'),
(33, 'Arif', 'Merlo', '1956-11-14', 'M', '1987-03-18'),
(34, 'Bader', 'Swan', '1962-12-29', 'M', '1988-09-21'),
(35, 'Alain', 'Chappelet', '1953-02-08', 'M', '1988-09-05'),
(36, 'Adamantios', 'Portugali', '1959-08-10', 'M', '1992-01-03'),
(37, 'Pradeep', 'Makrucki', '1963-07-22', 'M', '1990-12-05'),
(38, 'Huan', 'Lortz', '1960-07-20', 'M', '1989-09-20'),
(39, 'Alejandro', 'Brender', '1959-10-01', 'M', '1988-01-19'),
(40, 'Weiyi', 'Meriste', '1959-09-13', 'F', '1993-02-14'),
(41, 'Uri', 'Lenart', '1959-08-27', 'F', '1989-11-12'),
(42, 'Magy', 'Stamatiou', '1956-02-26', 'F', '1993-03-21'),
(43, 'Yishay', 'Tzvieli', '1960-09-19', 'M', '1990-10-20'),
(44, 'Mingsen', 'Casley', '1961-09-21', 'F', '1994-05-21'),
(45, 'Moss', 'Shanbhogue', '1957-08-14', 'M', '1989-09-02'),
(46, 'Lucien', 'Rosenbaum', '1960-07-23', 'M', '1992-06-20'),
(47, 'Zvonko', 'Nyanchama', '1952-06-29', 'M', '1989-03-31'),
(48, 'Florian', 'Syrotiuk', '1963-07-11', 'M', '1985-02-24'),
(49, 'Basil', 'Tramer', '1961-04-24', 'F', '1992-05-04'),
(50, 'Yinghua', 'Dredge', '1958-05-21', 'M', '1990-12-25');

-- --------------------------------------------------------

--
-- Estrutura da tabela `salario`
--
-- Criação: 17-Ago-2022 às 23:57
-- Última actualização: 18-Ago-2022 às 00:30
--

DROP TABLE IF EXISTS `salario`;
CREATE TABLE IF NOT EXISTS `salario` (
  `id_salario` int(11) NOT NULL AUTO_INCREMENT,
  `fk_funcionario` int(11) NOT NULL,
  `valor` int(11) NOT NULL,
  `data_inicio` date NOT NULL,
  `data_fim` date DEFAULT NULL,
  PRIMARY KEY (`id_salario`),
  KEY `id_salario_idx` (`id_salario`),
  KEY `fk_salario_funcionario_idx` (`fk_funcionario`)
) ENGINE=InnoDB AUTO_INCREMENT=486 DEFAULT CHARSET=utf8mb4;

--
-- RELACIONAMENTOS PARA TABELAS `salario`:
--   `fk_funcionario`
--       `funcionario` -> `id_funcionario`
--

--
-- Truncar tabela antes do insert `salario`
--

TRUNCATE TABLE `salario`;
--
-- Extraindo dados da tabela `salario`
--

INSERT INTO `salario` (`id_salario`, `fk_funcionario`, `valor`, `data_inicio`, `data_fim`) VALUES
(1, 1, 60117, '1986-06-26', '1987-06-26'),
(2, 1, 62102, '1987-06-26', '1988-06-25'),
(3, 1, 66074, '1988-06-25', '1989-06-25'),
(4, 1, 66596, '1989-06-25', '1990-06-25'),
(5, 1, 66961, '1990-06-25', '1991-06-25'),
(6, 1, 71046, '1991-06-25', '1992-06-24'),
(7, 1, 74333, '1992-06-24', '1993-06-24'),
(8, 1, 75286, '1993-06-24', '1994-06-24'),
(9, 1, 75994, '1994-06-24', '1995-06-24'),
(10, 1, 76884, '1995-06-24', '1996-06-23'),
(11, 1, 80013, '1996-06-23', '1997-06-23'),
(12, 1, 81025, '1997-06-23', '1998-06-23'),
(13, 1, 81097, '1998-06-23', '1999-06-23'),
(14, 1, 84917, '1999-06-23', '2000-06-22'),
(15, 1, 85112, '2000-06-22', '2001-06-22'),
(16, 1, 85097, '2001-06-22', '2002-06-22'),
(17, 1, 88958, '2002-06-22', NULL),
(18, 2, 65828, '1996-08-03', '1997-08-03'),
(19, 2, 65909, '1997-08-03', '1998-08-03'),
(20, 2, 67534, '1998-08-03', '1999-08-03'),
(21, 2, 69366, '1999-08-03', '2000-08-02'),
(22, 2, 71963, '2000-08-02', '2001-08-02'),
(23, 2, 72527, '2001-08-02', NULL),
(24, 3, 40006, '1995-12-03', '1996-12-02'),
(25, 3, 43616, '1996-12-02', '1997-12-02'),
(26, 3, 43466, '1997-12-02', '1998-12-02'),
(27, 3, 43636, '1998-12-02', '1999-12-02'),
(28, 3, 43478, '1999-12-02', '2000-12-01'),
(29, 3, 43699, '2000-12-01', '2001-12-01'),
(30, 3, 43311, '2001-12-01', NULL),
(31, 4, 40054, '1986-12-01', '1987-12-01'),
(32, 4, 42283, '1987-12-01', '1988-11-30'),
(33, 4, 42542, '1988-11-30', '1989-11-30'),
(34, 4, 46065, '1989-11-30', '1990-11-30'),
(35, 4, 48271, '1990-11-30', '1991-11-30'),
(36, 4, 50594, '1991-11-30', '1992-11-29'),
(37, 4, 52119, '1992-11-29', '1993-11-29'),
(38, 4, 54693, '1993-11-29', '1994-11-29'),
(39, 4, 58326, '1994-11-29', '1995-11-29'),
(40, 4, 60770, '1995-11-29', '1996-11-28'),
(41, 4, 62566, '1996-11-28', '1997-11-28'),
(42, 4, 64340, '1997-11-28', '1998-11-28'),
(43, 4, 67096, '1998-11-28', '1999-11-28'),
(44, 4, 69722, '1999-11-28', '2000-11-27'),
(45, 4, 70698, '2000-11-27', '2001-11-27'),
(46, 4, 74057, '2001-11-27', NULL),
(47, 5, 78228, '1989-09-12', '1990-09-12'),
(48, 5, 82621, '1990-09-12', '1991-09-12'),
(49, 5, 83735, '1991-09-12', '1992-09-11'),
(50, 5, 85572, '1992-09-11', '1993-09-11'),
(51, 5, 85076, '1993-09-11', '1994-09-11'),
(52, 5, 86050, '1994-09-11', '1995-09-11'),
(53, 5, 88448, '1995-09-11', '1996-09-10'),
(54, 5, 88063, '1996-09-10', '1997-09-10'),
(55, 5, 89724, '1997-09-10', '1998-09-10'),
(56, 5, 90392, '1998-09-10', '1999-09-10'),
(57, 5, 90531, '1999-09-10', '2000-09-09'),
(58, 5, 91453, '2000-09-09', '2001-09-09'),
(59, 5, 94692, '2001-09-09', NULL),
(60, 6, 40000, '1990-08-05', '1991-08-05'),
(61, 6, 42085, '1991-08-05', '1992-08-04'),
(62, 6, 42629, '1992-08-04', '1993-08-04'),
(63, 6, 45844, '1993-08-04', '1994-08-04'),
(64, 6, 47518, '1994-08-04', '1995-08-04'),
(65, 6, 47917, '1995-08-04', '1996-08-03'),
(66, 6, 52255, '1996-08-03', '1997-08-03'),
(67, 6, 53747, '1997-08-03', '1998-08-03'),
(68, 6, 56032, '1998-08-03', '1999-08-03'),
(69, 6, 58299, '1999-08-03', '2000-08-02'),
(70, 6, 60098, '2000-08-02', '2001-08-02'),
(71, 6, 59755, '2001-08-02', NULL),
(72, 7, 56724, '1989-02-10', '1990-02-10'),
(73, 7, 60740, '1990-02-10', '1991-02-10'),
(74, 7, 62745, '1991-02-10', '1992-02-10'),
(75, 7, 63475, '1992-02-10', '1993-02-09'),
(76, 7, 63208, '1993-02-09', '1994-02-09'),
(77, 7, 64563, '1994-02-09', '1995-02-09'),
(78, 7, 68833, '1995-02-09', '1996-02-09'),
(79, 7, 70220, '1996-02-09', '1997-02-08'),
(80, 7, 73362, '1997-02-08', '1998-02-08'),
(81, 7, 75582, '1998-02-08', '1999-02-08'),
(82, 7, 79513, '1999-02-08', '2000-02-08'),
(83, 7, 80083, '2000-02-08', '2001-02-07'),
(84, 7, 84456, '2001-02-07', '2002-02-07'),
(85, 7, 88070, '2002-02-07', NULL),
(86, 8, 46671, '1998-03-11', '1999-03-11'),
(87, 8, 48584, '1999-03-11', '2000-03-10'),
(88, 8, 52668, '2000-03-10', '2000-07-31'),
(89, 9, 60929, '1985-02-18', '1986-02-18'),
(90, 9, 64604, '1986-02-18', '1987-02-18'),
(91, 9, 64780, '1987-02-18', '1988-02-18'),
(92, 9, 66302, '1988-02-18', '1989-02-17'),
(93, 9, 69042, '1989-02-17', '1990-02-17'),
(94, 9, 70889, '1990-02-17', '1991-02-17'),
(95, 9, 71434, '1991-02-17', '1992-02-17'),
(96, 9, 74612, '1992-02-17', '1993-02-16'),
(97, 9, 76518, '1993-02-16', '1994-02-16'),
(98, 9, 78335, '1994-02-16', '1995-02-16'),
(99, 9, 80944, '1995-02-16', '1996-02-16'),
(100, 9, 82507, '1996-02-16', '1997-02-15'),
(101, 9, 85875, '1997-02-15', '1998-02-15'),
(102, 9, 89324, '1998-02-15', '1999-02-15'),
(103, 9, 90668, '1999-02-15', '2000-02-15'),
(104, 9, 93507, '2000-02-15', '2001-02-14'),
(105, 9, 94443, '2001-02-14', '2002-02-14'),
(106, 9, 94409, '2002-02-14', NULL),
(107, 10, 72488, '1996-11-24', '1997-11-24'),
(108, 10, 74347, '1997-11-24', '1998-11-24'),
(109, 10, 75405, '1998-11-24', '1999-11-24'),
(110, 10, 78194, '1999-11-24', '2000-11-23'),
(111, 10, 79580, '2000-11-23', '2001-11-23'),
(112, 10, 80324, '2001-11-23', NULL),
(113, 11, 42365, '1990-01-22', '1991-01-22'),
(114, 11, 44200, '1991-01-22', '1992-01-22'),
(115, 11, 48214, '1992-01-22', '1993-01-21'),
(116, 11, 50927, '1993-01-21', '1994-01-21'),
(117, 11, 51470, '1994-01-21', '1995-01-21'),
(118, 11, 54545, '1995-01-21', '1996-01-21'),
(119, 11, 56753, '1996-01-21', '1996-11-09'),
(120, 12, 40000, '1992-12-18', '1993-12-18'),
(121, 12, 41867, '1993-12-18', '1994-12-18'),
(122, 12, 42318, '1994-12-18', '1995-12-18'),
(123, 12, 44195, '1995-12-18', '1996-12-17'),
(124, 12, 46460, '1996-12-17', '1997-12-17'),
(125, 12, 46485, '1997-12-17', '1998-12-17'),
(126, 12, 47364, '1998-12-17', '1999-12-17'),
(127, 12, 51122, '1999-12-17', '2000-12-16'),
(128, 12, 54794, '2000-12-16', '2001-12-16'),
(129, 12, 54423, '2001-12-16', NULL),
(130, 13, 40000, '1985-10-20', '1986-10-20'),
(131, 13, 40623, '1986-10-20', '1987-10-20'),
(132, 13, 40561, '1987-10-20', '1988-10-19'),
(133, 13, 40306, '1988-10-19', '1989-10-19'),
(134, 13, 43569, '1989-10-19', '1990-10-19'),
(135, 13, 46305, '1990-10-19', '1991-10-19'),
(136, 13, 47118, '1991-10-19', '1992-10-18'),
(137, 13, 50351, '1992-10-18', '1993-10-18'),
(138, 13, 49887, '1993-10-18', '1994-10-18'),
(139, 13, 53957, '1994-10-18', '1995-10-18'),
(140, 13, 57590, '1995-10-18', '1996-10-17'),
(141, 13, 59228, '1996-10-17', '1997-10-17'),
(142, 13, 59571, '1997-10-17', '1998-10-17'),
(143, 13, 63274, '1998-10-17', '1999-10-17'),
(144, 13, 63352, '1999-10-17', '2000-10-16'),
(145, 13, 66744, '2000-10-16', '2001-10-16'),
(146, 13, 68901, '2001-10-16', NULL),
(147, 14, 46168, '1993-12-29', '1994-12-29'),
(148, 14, 48242, '1994-12-29', '1995-12-29'),
(149, 14, 47921, '1995-12-29', '1996-12-28'),
(150, 14, 50715, '1996-12-28', '1997-12-28'),
(151, 14, 53228, '1997-12-28', '1998-12-28'),
(152, 14, 53962, '1998-12-28', '1999-12-28'),
(153, 14, 56937, '1999-12-28', '2000-12-27'),
(154, 14, 59142, '2000-12-27', '2001-12-27'),
(155, 14, 60598, '2001-12-27', NULL),
(156, 15, 40000, '1992-09-19', '1993-08-22'),
(157, 16, 70889, '1998-02-11', '1999-02-11'),
(158, 16, 72946, '1999-02-11', '2000-02-11'),
(159, 16, 76826, '2000-02-11', '2001-02-10'),
(160, 16, 76381, '2001-02-10', '2002-02-10'),
(161, 16, 77935, '2002-02-10', NULL),
(162, 17, 71380, '1993-08-03', '1994-08-03'),
(163, 17, 75538, '1994-08-03', '1995-08-03'),
(164, 17, 79510, '1995-08-03', '1996-08-02'),
(165, 17, 82163, '1996-08-02', '1997-08-02'),
(166, 17, 86157, '1997-08-02', '1998-08-02'),
(167, 17, 89619, '1998-08-02', '1999-08-02'),
(168, 17, 91985, '1999-08-02', '2000-08-01'),
(169, 17, 96122, '2000-08-01', '2001-08-01'),
(170, 17, 98522, '2001-08-01', '2002-08-01'),
(171, 17, 99651, '2002-08-01', NULL),
(172, 18, 55881, '1987-04-03', '1988-04-02'),
(173, 18, 59206, '1988-04-02', '1989-04-02'),
(174, 18, 61361, '1989-04-02', '1990-04-02'),
(175, 18, 61648, '1990-04-02', '1991-04-02'),
(176, 18, 61217, '1991-04-02', '1992-04-01'),
(177, 18, 61244, '1992-04-01', '1993-04-01'),
(178, 18, 63286, '1993-04-01', '1994-04-01'),
(179, 18, 65739, '1994-04-01', '1995-04-01'),
(180, 18, 67519, '1995-04-01', '1996-03-31'),
(181, 18, 69276, '1996-03-31', '1997-03-31'),
(182, 18, 72585, '1997-03-31', '1998-03-31'),
(183, 18, 72804, '1998-03-31', '1999-03-31'),
(184, 18, 76957, '1999-03-31', '2000-03-30'),
(185, 18, 80305, '2000-03-30', '2001-03-30'),
(186, 18, 84541, '2001-03-30', '2002-03-30'),
(187, 18, 84672, '2002-03-30', NULL),
(188, 19, 44276, '1999-04-30', '2000-04-29'),
(189, 19, 46946, '2000-04-29', '2001-04-29'),
(190, 19, 46775, '2001-04-29', '2002-04-29'),
(191, 19, 50032, '2002-04-29', NULL),
(192, 20, 40000, '1997-12-30', '1998-12-30'),
(193, 20, 40647, '1998-12-30', '1999-12-30'),
(194, 20, 43800, '1999-12-30', '2000-12-29'),
(195, 20, 44927, '2000-12-29', '2001-12-29'),
(196, 20, 47017, '2001-12-29', NULL),
(197, 21, 55025, '1988-02-10', '1989-02-09'),
(198, 21, 56399, '1989-02-09', '1990-02-09'),
(199, 21, 59700, '1990-02-09', '1991-02-09'),
(200, 21, 60851, '1991-02-09', '1992-02-09'),
(201, 21, 61117, '1992-02-09', '1993-02-08'),
(202, 21, 60708, '1993-02-08', '1994-02-08'),
(203, 21, 63514, '1994-02-08', '1995-02-08'),
(204, 21, 66249, '1995-02-08', '1996-02-08'),
(205, 21, 70570, '1996-02-08', '1997-02-07'),
(206, 21, 74759, '1997-02-07', '1998-02-07'),
(207, 21, 77519, '1998-02-07', '1999-02-07'),
(208, 21, 77237, '1999-02-07', '2000-02-07'),
(209, 21, 79631, '2000-02-07', '2001-02-06'),
(210, 21, 82295, '2001-02-06', '2002-02-06'),
(211, 21, 84169, '2002-02-06', '2002-07-15'),
(212, 22, 40000, '1999-09-03', '2000-09-02'),
(213, 22, 39935, '2000-09-02', '2001-09-02'),
(214, 22, 41348, '2001-09-02', NULL),
(215, 23, 47883, '1999-09-27', '2000-09-26'),
(216, 23, 50319, '2000-09-26', '2001-09-26'),
(217, 23, 50113, '2001-09-26', NULL),
(218, 24, 83733, '1998-06-14', '1999-06-14'),
(219, 24, 86715, '1999-06-14', '2000-06-13'),
(220, 24, 91067, '2000-06-13', '2001-06-13'),
(221, 24, 94701, '2001-06-13', '2002-06-13'),
(222, 24, 96646, '2002-06-13', NULL),
(223, 25, 40000, '1987-08-17', '1988-08-16'),
(224, 25, 44416, '1988-08-16', '1989-08-16'),
(225, 25, 48680, '1989-08-16', '1990-08-16'),
(226, 25, 50120, '1990-08-16', '1991-08-16'),
(227, 25, 50980, '1991-08-16', '1992-08-15'),
(228, 25, 54459, '1992-08-15', '1993-08-15'),
(229, 25, 54395, '1993-08-15', '1994-08-15'),
(230, 25, 56643, '1994-08-15', '1995-08-15'),
(231, 25, 57585, '1995-08-15', '1996-08-14'),
(232, 25, 57110, '1996-08-14', '1997-08-14'),
(233, 25, 57157, '1997-08-14', '1997-10-15'),
(234, 26, 47585, '1995-03-20', '1996-03-19'),
(235, 26, 51730, '1996-03-19', '1997-03-19'),
(236, 26, 53682, '1997-03-19', '1998-03-19'),
(237, 26, 56769, '1998-03-19', '1999-03-19'),
(238, 26, 60397, '1999-03-19', '2000-03-18'),
(239, 26, 64132, '2000-03-18', '2001-03-18'),
(240, 26, 65415, '2001-03-18', '2002-03-18'),
(241, 26, 66313, '2002-03-18', NULL),
(242, 27, 40000, '1995-04-02', '1996-04-01'),
(243, 27, 39520, '1996-04-01', '1997-04-01'),
(244, 27, 42382, '1997-04-01', '1998-04-01'),
(245, 27, 43654, '1998-04-01', '1999-04-01'),
(246, 27, 43925, '1999-04-01', '2000-03-31'),
(247, 27, 45157, '2000-03-31', '2001-03-31'),
(248, 27, 45771, '2001-03-31', '2002-03-31'),
(249, 27, 46145, '2002-03-31', NULL),
(250, 28, 48859, '1991-10-22', '1992-10-21'),
(251, 28, 50805, '1992-10-21', '1993-10-21'),
(252, 28, 52082, '1993-10-21', '1994-10-21'),
(253, 28, 54949, '1994-10-21', '1995-10-21'),
(254, 28, 55963, '1995-10-21', '1996-10-20'),
(255, 28, 57831, '1996-10-20', '1997-10-20'),
(256, 28, 58502, '1997-10-20', '1998-04-06'),
(257, 29, 63163, '1991-09-18', '1992-09-17'),
(258, 29, 66877, '1992-09-17', '1993-09-17'),
(259, 29, 69211, '1993-09-17', '1994-09-17'),
(260, 29, 70624, '1994-09-17', '1995-09-17'),
(261, 29, 70294, '1995-09-17', '1996-09-16'),
(262, 29, 70671, '1996-09-16', '1997-09-16'),
(263, 29, 73510, '1997-09-16', '1998-09-16'),
(264, 29, 75773, '1998-09-16', '1999-09-16'),
(265, 29, 76067, '1999-09-16', '2000-09-15'),
(266, 29, 76608, '2000-09-15', '2001-09-15'),
(267, 29, 77777, '2001-09-15', NULL),
(268, 30, 66956, '1994-02-17', '1995-02-17'),
(269, 30, 68393, '1995-02-17', '1996-02-17'),
(270, 30, 72795, '1996-02-17', '1997-02-16'),
(271, 30, 76453, '1997-02-16', '1998-02-16'),
(272, 30, 79290, '1998-02-16', '1999-02-16'),
(273, 30, 83327, '1999-02-16', '2000-02-16'),
(274, 30, 86634, '2000-02-16', '2001-02-15'),
(275, 30, 87027, '2001-02-15', '2002-02-15'),
(276, 30, 88806, '2002-02-15', NULL),
(277, 31, 40000, '1991-09-01', '1992-08-31'),
(278, 31, 40859, '1992-08-31', '1993-08-31'),
(279, 31, 41881, '1993-08-31', '1994-08-31'),
(280, 31, 44191, '1994-08-31', '1995-08-31'),
(281, 31, 47202, '1995-08-31', '1996-08-30'),
(282, 31, 47606, '1996-08-30', '1997-08-30'),
(283, 31, 50810, '1997-08-30', '1998-08-30'),
(284, 31, 52675, '1998-08-30', '1999-08-30'),
(285, 31, 54177, '1999-08-30', '2000-08-29'),
(286, 31, 53873, '2000-08-29', '2001-08-29'),
(287, 31, 56689, '2001-08-29', NULL),
(288, 32, 48426, '1990-06-20', '1991-06-20'),
(289, 32, 49389, '1991-06-20', '1992-06-19'),
(290, 32, 52000, '1992-06-19', '1993-06-19'),
(291, 32, 53038, '1993-06-19', '1994-06-19'),
(292, 32, 54336, '1994-06-19', '1995-06-19'),
(293, 32, 53978, '1995-06-19', '1996-06-18'),
(294, 32, 55090, '1996-06-18', '1997-06-18'),
(295, 32, 57110, '1997-06-18', '1998-06-18'),
(296, 32, 57926, '1998-06-18', '1999-06-18'),
(297, 32, 57876, '1999-06-18', '2000-06-17'),
(298, 32, 61709, '2000-06-17', '2001-06-17'),
(299, 32, 65820, '2001-06-17', '2002-06-17'),
(300, 32, 69539, '2002-06-17', NULL),
(301, 33, 51258, '1987-03-18', '1988-03-17'),
(302, 33, 54972, '1988-03-17', '1989-03-17'),
(303, 33, 55410, '1989-03-17', '1990-03-17'),
(304, 33, 56095, '1990-03-17', '1991-03-17'),
(305, 33, 56038, '1991-03-17', '1992-03-16'),
(306, 33, 57712, '1992-03-16', '1993-03-16'),
(307, 33, 60433, '1993-03-16', '1993-03-24'),
(308, 34, 47561, '1995-04-12', '1996-04-11'),
(309, 34, 51192, '1996-04-11', '1997-04-11'),
(310, 34, 52687, '1997-04-11', '1998-04-11'),
(311, 34, 53112, '1998-04-11', '1999-04-11'),
(312, 34, 53164, '1999-04-11', '1999-10-31'),
(313, 35, 41538, '1988-09-05', '1989-09-05'),
(314, 35, 45131, '1989-09-05', '1990-09-05'),
(315, 35, 45629, '1990-09-05', '1991-09-05'),
(316, 35, 48360, '1991-09-05', '1992-09-04'),
(317, 35, 50664, '1992-09-04', '1993-09-04'),
(318, 35, 53060, '1993-09-04', '1994-09-04'),
(319, 35, 56640, '1994-09-04', '1995-09-04'),
(320, 35, 57621, '1995-09-04', '1996-09-03'),
(321, 35, 59291, '1996-09-03', '1997-09-03'),
(322, 35, 61793, '1997-09-03', '1998-09-03'),
(323, 35, 62285, '1998-09-03', '1999-09-03'),
(324, 35, 65332, '1999-09-03', '2000-09-02'),
(325, 35, 66584, '2000-09-02', '2001-09-02'),
(326, 35, 68755, '2001-09-02', NULL),
(327, 36, 42819, '1992-04-28', '1993-04-28'),
(328, 36, 46756, '1993-04-28', '1994-04-28'),
(329, 36, 51084, '1994-04-28', '1995-04-28'),
(330, 36, 52308, '1995-04-28', '1996-04-27'),
(331, 36, 53828, '1996-04-27', '1997-04-27'),
(332, 36, 54408, '1997-04-27', '1998-04-27'),
(333, 36, 53929, '1998-04-27', '1999-04-27'),
(334, 36, 56579, '1999-04-27', '2000-04-26'),
(335, 36, 60478, '2000-04-26', '2001-04-26'),
(336, 36, 60520, '2001-04-26', '2002-04-26'),
(337, 36, 63053, '2002-04-26', NULL),
(338, 37, 40000, '1990-12-05', '1991-12-05'),
(339, 37, 39765, '1991-12-05', '1992-12-04'),
(340, 37, 43565, '1992-12-04', '1993-12-04'),
(341, 37, 43104, '1993-12-04', '1994-12-04'),
(342, 37, 46100, '1994-12-04', '1995-12-04'),
(343, 37, 49735, '1995-12-04', '1996-12-03'),
(344, 37, 51775, '1996-12-03', '1997-12-03'),
(345, 37, 53198, '1997-12-03', '1998-12-03'),
(346, 37, 56270, '1998-12-03', '1999-12-03'),
(347, 37, 59882, '1999-12-03', '2000-12-02'),
(348, 37, 60992, '2000-12-02', '2001-12-02'),
(349, 37, 60574, '2001-12-02', NULL),
(350, 38, 40000, '1989-09-20', '1990-09-20'),
(351, 38, 43527, '1990-09-20', '1991-09-20'),
(352, 38, 46509, '1991-09-20', '1992-09-19'),
(353, 38, 49874, '1992-09-19', '1993-09-19'),
(354, 38, 52969, '1993-09-19', '1994-09-19'),
(355, 38, 56629, '1994-09-19', '1995-09-19'),
(356, 38, 58079, '1995-09-19', '1996-09-18'),
(357, 38, 60322, '1996-09-18', '1997-09-18'),
(358, 38, 62274, '1997-09-18', '1998-09-18'),
(359, 38, 62517, '1998-09-18', '1999-09-18'),
(360, 38, 62458, '1999-09-18', '2000-09-17'),
(361, 38, 64238, '2000-09-17', '2001-09-17'),
(362, 38, 64254, '2001-09-17', NULL),
(363, 39, 40000, '1988-01-19', '1989-01-18'),
(364, 39, 41525, '1989-01-18', '1990-01-18'),
(365, 39, 43801, '1990-01-18', '1991-01-18'),
(366, 39, 46278, '1991-01-18', '1992-01-18'),
(367, 39, 45838, '1992-01-18', '1993-01-17'),
(368, 39, 49155, '1993-01-17', '1994-01-17'),
(369, 39, 52999, '1994-01-17', '1995-01-17'),
(370, 39, 55037, '1995-01-17', '1996-01-17'),
(371, 39, 54937, '1996-01-17', '1997-01-16'),
(372, 39, 55204, '1997-01-16', '1998-01-16'),
(373, 39, 59593, '1998-01-16', '1999-01-16'),
(374, 39, 62131, '1999-01-16', '2000-01-16'),
(375, 39, 61774, '2000-01-16', '2001-01-15'),
(376, 39, 63592, '2001-01-15', '2002-01-15'),
(377, 39, 63918, '2002-01-15', NULL),
(378, 40, 52153, '1993-02-14', '1994-02-14'),
(379, 40, 53533, '1994-02-14', '1995-02-14'),
(380, 40, 56565, '1995-02-14', '1996-02-14'),
(381, 40, 60260, '1996-02-14', '1997-02-13'),
(382, 40, 62101, '1997-02-13', '1998-02-13'),
(383, 40, 63870, '1998-02-13', '1999-02-13'),
(384, 40, 64570, '1999-02-13', '2000-02-13'),
(385, 40, 67016, '2000-02-13', '2001-02-12'),
(386, 40, 68185, '2001-02-12', '2002-02-12'),
(387, 40, 72668, '2002-02-12', NULL),
(388, 41, 56893, '1989-11-12', '1990-11-12'),
(389, 41, 60824, '1990-11-12', '1991-11-12'),
(390, 41, 63116, '1991-11-12', '1992-11-11'),
(391, 41, 64128, '1992-11-11', '1993-11-11'),
(392, 41, 65615, '1993-11-11', '1994-11-11'),
(393, 41, 69768, '1994-11-11', '1995-11-11'),
(394, 41, 70216, '1995-11-11', '1996-11-10'),
(395, 41, 71322, '1996-11-10', '1997-11-10'),
(396, 41, 74575, '1997-11-10', '1998-11-10'),
(397, 41, 75544, '1998-11-10', '1999-11-10'),
(398, 41, 79746, '1999-11-10', '2000-11-09'),
(399, 41, 81012, '2000-11-09', '2001-11-09'),
(400, 41, 81705, '2001-11-09', NULL),
(401, 42, 81662, '1993-03-21', '1994-03-21'),
(402, 42, 84183, '1994-03-21', '1995-03-21'),
(403, 42, 84389, '1995-03-21', '1996-03-20'),
(404, 42, 85501, '1996-03-20', '1997-03-20'),
(405, 42, 89833, '1997-03-20', '1998-03-20'),
(406, 42, 91161, '1998-03-20', '1999-03-20'),
(407, 42, 95035, '1999-03-20', '2000-03-19'),
(408, 42, 94868, '2000-03-19', '2000-08-10'),
(409, 43, 49324, '1990-10-20', '1991-10-20'),
(410, 43, 51948, '1991-10-20', '1992-10-19'),
(411, 43, 54011, '1992-10-19', '1993-10-19'),
(412, 43, 58302, '1993-10-19', '1994-10-19'),
(413, 43, 62291, '1994-10-19', '1995-10-19'),
(414, 43, 65669, '1995-10-19', '1996-10-18'),
(415, 43, 65562, '1996-10-18', '1997-10-18'),
(416, 43, 68328, '1997-10-18', '1998-10-18'),
(417, 43, 70689, '1998-10-18', '1999-10-18'),
(418, 43, 72543, '1999-10-18', '2000-10-17'),
(419, 43, 76677, '2000-10-17', '2001-10-17'),
(420, 43, 77659, '2001-10-17', NULL),
(421, 44, 40919, '1994-05-21', '1995-05-21'),
(422, 44, 45217, '1995-05-21', '1996-05-20'),
(423, 44, 46674, '1996-05-20', '1997-05-20'),
(424, 44, 48623, '1997-05-20', '1998-05-20'),
(425, 44, 51377, '1998-05-20', '1999-05-20'),
(426, 44, 53186, '1999-05-20', '2000-05-19'),
(427, 44, 56058, '2000-05-19', '2001-05-19'),
(428, 44, 56810, '2001-05-19', '2002-05-19'),
(429, 44, 58345, '2002-05-19', NULL),
(430, 45, 41971, '1996-11-16', '1997-11-16'),
(431, 45, 42914, '1997-11-16', '1998-11-16'),
(432, 45, 43046, '1998-11-16', '1999-11-16'),
(433, 45, 43838, '1999-11-16', '2000-11-15'),
(434, 45, 47984, '2000-11-15', '2001-11-15'),
(435, 45, 47581, '2001-11-15', NULL),
(436, 46, 40000, '1992-06-20', '1993-06-20'),
(437, 46, 42385, '1993-06-20', '1994-06-20'),
(438, 46, 43485, '1994-06-20', '1995-06-20'),
(439, 46, 43203, '1995-06-20', '1996-06-19'),
(440, 46, 45150, '1996-06-19', '1997-06-19'),
(441, 46, 48222, '1997-06-19', '1998-06-19'),
(442, 46, 50853, '1998-06-19', '1999-06-19'),
(443, 46, 52271, '1999-06-19', '2000-06-18'),
(444, 46, 56481, '2000-06-18', '2001-06-18'),
(445, 46, 60249, '2001-06-18', '2002-06-18'),
(446, 46, 62218, '2002-06-18', NULL),
(447, 47, 54982, '1989-03-31', '1990-03-31'),
(448, 47, 57350, '1990-03-31', '1991-03-31'),
(449, 47, 59571, '1991-03-31', '1992-03-30'),
(450, 47, 62851, '1992-03-30', '1993-03-30'),
(451, 47, 65225, '1993-03-30', '1994-03-30'),
(452, 47, 66330, '1994-03-30', '1995-03-30'),
(453, 47, 69992, '1995-03-30', '1996-03-29'),
(454, 47, 73376, '1996-03-29', '1997-03-29'),
(455, 47, 74735, '1997-03-29', '1998-03-29'),
(456, 47, 75748, '1998-03-29', '1999-03-29'),
(457, 47, 77149, '1999-03-29', '2000-03-28'),
(458, 47, 78399, '2000-03-28', '2001-03-28'),
(459, 47, 78569, '2001-03-28', '2002-03-28'),
(460, 47, 81037, '2002-03-28', NULL),
(461, 48, 40000, '1985-02-24', '1986-02-24'),
(462, 48, 39507, '1986-02-24', '1987-01-27'),
(463, 49, 40000, '1992-05-04', '1993-05-04'),
(464, 49, 39735, '1993-05-04', '1994-05-04'),
(465, 49, 40484, '1994-05-04', '1995-05-04'),
(466, 49, 41291, '1995-05-04', '1996-05-03'),
(467, 49, 41301, '1996-05-03', '1997-05-03'),
(468, 49, 41957, '1997-05-03', '1998-05-03'),
(469, 49, 41788, '1998-05-03', '1999-05-03'),
(470, 49, 44620, '1999-05-03', '2000-05-02'),
(471, 49, 45933, '2000-05-02', '2001-05-02'),
(472, 49, 48575, '2001-05-02', '2002-05-02'),
(473, 49, 51326, '2002-05-02', NULL),
(474, 50, 74366, '1990-12-25', '1991-12-25'),
(475, 50, 78675, '1991-12-25', '1992-12-24'),
(476, 50, 82220, '1992-12-24', '1993-12-24'),
(477, 50, 86604, '1993-12-24', '1994-12-24'),
(478, 50, 88087, '1994-12-24', '1995-12-24'),
(479, 50, 88836, '1995-12-24', '1996-12-23'),
(480, 50, 90623, '1996-12-23', '1997-12-23'),
(481, 50, 91530, '1997-12-23', '1998-12-23'),
(482, 50, 93689, '1998-12-23', '1999-12-23'),
(483, 50, 97571, '1999-12-23', '2000-12-22'),
(484, 50, 97817, '2000-12-22', '2001-12-22'),
(485, 50, 97830, '2001-12-22', NULL);

--
-- Restrições para despejos de tabelas
--

--
-- Limitadores para a tabela `depart_func`
--
ALTER TABLE `depart_func`
  ADD CONSTRAINT `fk_depart_func_departamento` FOREIGN KEY (`fk_departamento`) REFERENCES `departamento` (`id_departamento`) ON DELETE CASCADE ON UPDATE CASCADE,
  ADD CONSTRAINT `fk_depart_func_funcionario` FOREIGN KEY (`fk_funcionario`) REFERENCES `funcionario` (`id_funcionario`) ON DELETE CASCADE ON UPDATE CASCADE;

--
-- Limitadores para a tabela `salario`
--
ALTER TABLE `salario`
  ADD CONSTRAINT `fk_salario_funcionario` FOREIGN KEY (`fk_funcionario`) REFERENCES `funcionario` (`id_funcionario`) ON DELETE CASCADE ON UPDATE CASCADE;
COMMIT;

/*!40101 SET CHARACTER_SET_CLIENT=@OLD_CHARACTER_SET_CLIENT */;
/*!40101 SET CHARACTER_SET_RESULTS=@OLD_CHARACTER_SET_RESULTS */;
/*!40101 SET COLLATION_CONNECTION=@OLD_COLLATION_CONNECTION */;
